surpriseFaces,new
img/neutralC/CFD-WF-242-001-N.jpg,0
img/neutralC/CFD-BM-221-198-N.jpg,0
img/neutralC/CFD-WF-240-083-N.jpg,0
img/neutralC/CFD-MF-305-014-N.jpg,0
img/neutralC/CFD-MF-344-012-N.jpg,0
img/neutralC/CFD-WM-014-002-N.jpg,0
img/neutralC/CFD-MF-303-013-N.jpg,0
img/neutralC/CFD-MM-300-035-N.jpg,1
img/neutralC/CFD-BM-039-029-N.jpg,0
img/neutralC/CFD-MM-315-013-N.jpg,1
img/neutralC/CFD-BM-214-075-N.jpg,1
img/neutralC/CFD-BM-215-155-N.jpg,0
img/neutralC/CFD-WM-245-123-N.jpg,1
img/neutralC/CFD-LF-217-082-N.jpg,0
img/neutralC/CFD-BF-205-141-N.jpg,0
img/neutralC/CFD-BM-226-276-N.jpg,0
img/neutralC/CFD-LM-222-239-N.jpg,0
img/neutralC/CFD-BM-017-021-N.jpg,1
img/neutralC/CFD-BF-241-222-N.jpg,0
img/neutralC/CFD-BM-027-001-N.jpg,0
img/neutralC/CFD-AM-211-052-N.jpg,1
img/neutralC/CFD-MF-332-014-N.jpg,0
img/neutralC/CFD-IM-699-002-N.jpg,0
img/neutralC/CFD-BF-250-121-N.jpg,0
img/neutralC/CFD-AM-201-076-N.jpg,0
img/neutralC/CFD-WM-230-131-N.jpg,1
img/neutralC/CFD-WM-035-032-N.jpg,0
img/neutralC/CFD-WF-251-014-N.jpg,0
img/neutralC/CFD-AM-210-035-N.jpg,1
img/neutralC/CFD-BF-014-002-N.jpg,0
img/neutralC/CFD-AM-239-147-N.jpg,0
img/neutralC/CFD-LM-230-202-N.jpg,0
img/neutralC/CFD-AF-239-171-N.jpg,1
img/neutralC/CFD-WM-003-002-N.jpg,0
img/neutralC/CFD-MF-317-002-N.jpg,0
img/neutralC/CFD-LM-215-247-N.jpg,0
img/neutralC/CFD-BF-204-189-N.jpg,1
img/neutralC/CFD-LF-242-121-N.jpg,1
img/neutralC/CFD-AM-245-111-N.jpg,0
img/neutralC/CFD-MM-310-001-N.jpg,1
img/neutralC/CFD-AM-235-241-N.jpg,0
img/neutralC/CFD-IF-742-103-N.jpg,0
img/neutralC/CFD-BM-011-016-N.jpg,0
img/neutralC/CFD-IF-612-149-N.jpg,0
img/neutralC/CFD-AF-228-173-N.jpg,0
img/neutralC/CFD-BF-222-240-N.jpg,1
img/neutralC/CFD-AF-223-183-N.jpg,0
img/neutralC/CFD-AF-253-130-N.jpg,0
img/neutralC/CFD-MF-334-002-N.jpg,0
img/neutralC/CFD-LF-229-164-N.jpg,1
img/neutralC/CFD-MF-326-016-N.jpg,1
img/neutralC/CFD-IF-602-134-N.jpg,0
img/neutralC/CFD-MF-336-016-N.jpg,0
img/neutralC/CFD-LF-221-002-N.jpg,0
img/neutralC/CFD-WM-028-003-N.jpg,0
img/neutralC/CFD-AM-227-184-N.jpg,0
img/neutralC/CFD-WF-036-023-N.jpg,0
img/neutralC/CFD-BM-040-002-N.jpg,0
img/neutralC/CFD-IM-698-011-N.jpg,0
img/neutralC/CFD-BF-245-178-N.jpg,1
img/neutralC/CFD-IF-629-234-N.jpg,0
img/neutralC/CFD-IM-715-013-N.jpg,0
img/neutralC/CFD-WM-012-001-N.jpg,1
img/neutralC/CFD-BF-047-003-N.jpg,0
img/neutralC/CFD-BM-225-154-N.jpg,0
img/neutralC/CFD-WM-234-118-N.jpg,0
img/neutralC/CFD-MF-327-002-N.jpg,0
img/neutralC/CFD-AF-243-170-N.jpg,1
img/neutralC/CFD-WF-017-003-N.jpg,1
img/neutralC/CFD-WF-249-126-N.jpg,1
img/neutralC/CFD-IM-616-214-N.jpg,0
img/neutralC/CFD-MF-304-018-N.jpg,0
img/neutralC/CFD-MM-303-002-N.jpg,0
img/neutralC/CFD-BM-245-164-N.jpg,0
img/neutralC/CFD-AF-203-077-N.jpg,1
img/neutralC/CFD-MF-325-002-N.jpg,1
img/neutralC/CFD-AM-247-165-N.jpg,0
img/neutralC/CFD-BM-204-003-N.jpg,1
img/neutralC/CFD-WM-239-128-N.jpg,0
img/neutralC/CFD-AF-207-023-N.jpg,1
img/neutralC/CFD-BM-032-024-N.jpg,0
img/neutralC/CFD-BM-002-013-N.jpg,0
img/neutralC/CFD-BF-207-004-N.jpg,0
img/neutralC/CFD-IF-601-519-N.jpg,0
img/neutralC/CFD-BM-230-232-N.jpg,0
img/neutralC/CFD-AM-244-222-N.jpg,0
img/neutralC/CFD-AF-244-168-N.jpg,0
img/neutralC/CFD-MM-319-052-N.jpg,0
img/neutralC/CFD-MF-346-008-N.jpg,0
img/neutralC/CFD-BF-206-143-N.jpg,0
img/neutralC/CFD-BM-233-285-N.jpg,1
img/neutralC/CFD-BF-005-001-N.jpg,0
img/neutralC/CFD-MF-347-001-N.jpg,0
img/neutralC/CFD-MF-308-001-N.jpg,1
img/neutralC/CFD-BF-221-223-N.jpg,0
img/neutralC/CFD-IM-694-297-N.jpg,1
img/neutralC/CFD-AF-227-207-N.jpg,1
img/neutralC/CFD-WF-024-003-N.jpg,1
img/neutralC/CFD-IM-688-322-N.jpg,0
img/neutralC/CFD-WM-033-025-N.jpg,0
img/neutralC/CFD-IF-729-393-N.jpg,1
img/neutralC/CFD-IF-735-353-N.jpg,0
img/neutralC/CFD-LM-216-082-N.jpg,0
img/neutralC/CFD-WF-034-006-N.jpg,0
img/neutralC/CFD-MF-357-002-N.jpg,0
img/neutralC/CFD-MF-301-024-N.jpg,0
img/neutralC/CFD-WM-251-002-N.jpg,1
img/neutralC/CFD-BF-034-002-N.jpg,1
img/neutralC/CFD-AM-209-048-N.jpg,1
img/neutralC/CFD-BM-241-235-N.jpg,0
img/neutralC/CFD-WF-232-161-N.jpg,0
img/neutralC/CFD-BF-050-003-N.jpg,0
img/neutralC/CFD-AM-216-114-N.jpg,0
img/neutralC/CFD-WM-001-014-N.jpg,0
img/neutralC/CFD-BF-200-080-N.jpg,0
img/neutralC/CFD-IM-727-195-N.jpg,0
img/neutralC/CFD-BM-026-002-N.jpg,1
img/neutralC/CFD-BF-015-004-N.jpg,1
img/neutralC/CFD-AF-218-157-N.jpg,0
img/neutralC/CFD-AF-210-050-N.jpg,1
img/neutralC/CFD-IM-654-417-N.jpg,0
img/neutralC/CFD-WM-212-097-N.jpg,1
img/neutralC/CFD-AF-235-170-N.jpg,1
img/neutralC/CFD-WF-237-067-N.jpg,0
img/neutralC/CFD-MF-339-002-N.jpg,1
img/neutralC/CFD-IM-702-101-N.jpg,0
img/neutralC/CFD-LF-240-199-N.jpg,0
img/neutralC/CFD-LM-201-057-N.jpg,1
img/neutralC/CFD-LM-239-075-N.jpg,1
img/neutralC/CFD-IM-621-136-N.jpg,0
img/neutralC/CFD-AM-229-224-N.jpg,0
img/neutralC/CFD-BF-228-212-N.jpg,1
img/neutralC/CFD-MF-323-001-N.jpg,0
img/neutralC/CFD-BM-005-003-N.jpg,0
img/neutralC/CFD-AM-225-102-N.jpg,1
img/neutralC/CFD-BM-249-235-N.jpg,0
img/neutralC/CFD-BM-222-173-N.jpg,1
img/neutralC/CFD-BF-020-002-N.jpg,1
img/neutralC/CFD-LM-233-171-N.jpg,1
img/neutralC/CFD-BF-215-177-N.jpg,1
img/neutralC/CFD-BF-016-017-N.jpg,1
img/neutralC/CFD-MF-306-003-N.jpg,0
img/neutralC/CFD-IM-706-002-N.jpg,1
img/neutralC/CFD-BF-040-003-N.jpg,0
img/neutralC/CFD-IM-719-221-N.jpg,0
img/neutralC/CFD-WF-201-156-N.jpg,0
img/neutralC/CFD-IM-707-105-N.jpg,0
img/neutralC/CFD-WF-213-031-N.jpg,0
img/neutralC/CFD-AF-201-060-N.jpg,0
img/neutralC/CFD-BF-023-010-N.jpg,0
img/neutralC/CFD-WF-022-017-N.jpg,1
img/neutralC/CFD-IF-722-456-N.jpg,0
img/neutralC/CFD-AM-240-191-N.jpg,1
img/neutralC/CFD-BM-016-036-N.jpg,0
img/neutralC/CFD-AM-242-176-N.jpg,0
img/neutralC/CFD-LM-210-156-N.jpg,0
img/neutralC/CFD-BM-041-035-N.jpg,0
img/neutralC/CFD-IM-630-134-N.jpg,1
img/neutralC/CFD-WM-034-030-N.jpg,0
img/neutralC/CFD-IM-648-337-N.jpg,0
img/neutralC/CFD-WM-214-026-N.jpg,0
img/neutralC/CFD-IM-637-007-N.jpg,1
img/neutralC/CFD-WF-215-145-N.jpg,1
img/neutralC/CFD-BM-218-132-N.jpg,0
img/neutralC/CFD-IM-617-174-N.jpg,0
img/neutralC/CFD-IF-734-108-N.jpg,1
img/neutralC/CFD-AM-234-355-N.jpg,0
img/neutralC/CFD-BF-021-013-N.jpg,0
img/neutralC/CFD-WF-200-099-N.jpg,1
img/neutralC/CFD-BM-023-029-N.jpg,1
img/neutralC/CFD-LF-204-133-N.jpg,0
img/neutralC/CFD-LM-208-110-N.jpg,0
img/neutralC/CFD-WF-014-002-N.jpg,1
img/neutralC/CFD-AM-246-184-N.jpg,0
img/neutralC/CFD-AF-254-167-N.jpg,1
img/neutralC/CFD-BM-240-207-N.jpg,1
img/neutralC/CFD-LM-204-001-N.jpg,0
img/neutralC/CFD-WM-216-061-N.jpg,1
img/neutralC/CFD-MM-302-002-N.jpg,0
img/neutralC/CFD-BM-231-155-N.jpg,0
img/neutralC/CFD-MF-329-001-N.jpg,1
img/neutralC/CFD-BF-011-002-N.jpg,1
img/neutralC/CFD-IM-692-011-N.jpg,0
img/neutralC/CFD-BF-006-017-N.jpg,0
img/neutralC/CFD-IM-655-234-N.jpg,0
img/neutralC/CFD-MF-345-025-N.jpg,0
img/neutralC/CFD-BF-225-192-N.jpg,0
img/neutralC/CFD-WF-218-087-N.jpg,0
img/neutralC/CFD-WM-223-056-N.jpg,0
img/neutralC/CFD-AM-241-287-N.jpg,0
img/neutralC/CFD-WM-243-107-N.jpg,0
img/neutralC/CFD-WM-211-054-N.jpg,1
img/neutralC/CFD-AM-249-163-N.jpg,0
img/neutralC/CFD-BF-212-315-N.jpg,1
img/neutralC/CFD-LF-205-100-N.jpg,0
img/neutralC/CFD-BM-013-002-N.jpg,0
img/neutralC/CFD-LM-235-231-N.jpg,1
img/neutralC/CFD-AM-226-234-N.jpg,0
img/neutralC/CFD-IM-653-008-N.jpg,0
img/neutralC/CFD-IF-676-017-N.jpg,0
img/neutralC/CFD-IF-710-016-N.jpg,0
img/neutralC/CFD-LF-245-166-N.jpg,0
img/neutralC/CFD-LF-236-221-N.jpg,0
img/neutralC/CFD-LF-213-079-N.jpg,0
img/neutralC/CFD-IF-644-306-1-N.jpg,0
img/neutralC/CFD-MF-335-002-N.jpg,1
img/neutralC/CFD-AF-234-208-N.jpg,0
img/neutralC/CFD-BM-009-002-N.jpg,0
img/neutralC/CFD-BF-008-001-N.jpg,0
img/neutralC/CFD-IM-639-263-N.jpg,0
img/neutralC/CFD-WF-221-005-N.jpg,1
img/neutralC/CFD-BF-041-001-N.jpg,0
img/neutralC/CFD-LF-209-072-N.jpg,1
img/neutralC/CFD-BF-248-149-N.jpg,0
img/neutralC/CFD-BF-209-172-N.jpg,0
img/neutralC/CFD-BM-239-136-N.jpg,0
img/neutralC/CFD-WM-011-002-N.jpg,0
img/neutralC/CFD-WF-250-167-N.jpg,1
img/neutralC/CFD-IM-703-182-N.jpg,0
img/neutralC/CFD-WM-203-023-N.jpg,0
img/neutralC/CFD-BM-250-170-N.jpg,0
img/neutralC/CFD-IM-726-248-N.jpg,0
img/neutralC/CFD-BM-003-003-N.jpg,0
img/neutralC/CFD-WM-013-001-N.jpg,0
img/neutralC/CFD-LM-220-329-N.jpg,0
img/neutralC/CFD-BM-030-003-N.jpg,1
img/neutralC/CFD-WF-204-038-N.jpg,1
img/neutralC/CFD-MF-356-017-N.jpg,1
img/neutralC/CFD-IM-647-548-N.jpg,0
img/neutralC/CFD-LF-238-154-N.jpg,0
img/neutralC/CFD-IF-631-363-N.jpg,0
img/neutralC/CFD-IF-622-096-N.jpg,1
img/neutralC/CFD-BM-024-001-N.jpg,0
img/neutralC/CFD-BM-010-003-N.jpg,0
img/neutralC/CFD-IF-677-452-1-N.jpg,1
img/neutralC/CFD-MF-302-027-N.jpg,1
img/neutralC/CFD-LF-239-148-N.jpg,0
img/neutralC/CFD-MF-319-016-N.jpg,1
img/neutralC/CFD-IM-679-069-N.jpg,0
img/neutralC/CFD-BM-237-188-N.jpg,0
