Faces,new
img/neutralC/CFD-LM-215-247-N.jpg,0
img/neutralC/CFD-WM-234-118-N.jpg,0
img/neutralC/CFD-WM-034-030-N.jpg,0
img/neutralC/CFD-WF-009-001-N.jpg,0
img/neutralC/CFD-BM-238-242-N.jpg,0
img/neutralC/CFD-IM-604-014-N.jpg,0
img/neutralC/CFD-MF-336-016-N.jpg,0
img/neutralC/CFD-BM-228-145-N.jpg,0
img/neutralC/CFD-WF-023-003-N.jpg,0
img/neutralC/CFD-AF-244-168-N.jpg,0
img/neutralC/CFD-IM-645-001-N.jpg,0
img/neutralC/CFD-MM-321-021-N.jpg,0
img/neutralC/CFD-BF-003-003-N.jpg,0
img/neutralC/CFD-LF-215-157-N.jpg,0
img/neutralC/CFD-WM-018-002-N.jpg,0
img/neutralC/CFD-WF-200-099-N.jpg,0
img/neutralC/CFD-BM-241-235-N.jpg,0
img/neutralC/CFD-IF-625-225-N.jpg,0
img/neutralC/CFD-WM-254-152-N.jpg,0
img/neutralC/CFD-BF-006-017-N.jpg,0
img/neutralC/CFD-BM-019-002-N.jpg,0
img/neutralC/CFD-LF-218-072-N.jpg,0
img/neutralC/CFD-BM-015-015-N.jpg,0
img/neutralC/CFD-WM-012-001-N.jpg,0
img/neutralC/CFD-IM-685-004-N.jpg,0
img/neutralC/CFD-WF-006-002-N.jpg,0
img/neutralC/CFD-WF-033-002-N.jpg,0
img/neutralC/CFD-BM-227-191-N.jpg,0
img/neutralC/CFD-IM-615-167-N.jpg,0
img/neutralC/CFD-IM-667-369-N.jpg,0
img/neutralC/CFD-LF-203-066-N.jpg,0
img/neutralC/CFD-BF-010-001-N.jpg,0
img/neutralC/CFD-BM-032-024-N.jpg,0
img/neutralC/CFD-WM-225-127-N.jpg,0
img/neutralC/CFD-LM-228-188-N.jpg,0
img/neutralC/CFD-WM-011-002-N.jpg,0
img/neutralC/CFD-MM-324-069-N.jpg,0
img/neutralC/CFD-WF-241-210-N.jpg,0
img/neutralC/CFD-MF-343-001-N.jpg,0
img/neutralC/CFD-LM-238-129-N.jpg,0
img/neutralC/CFD-IF-626-375-N.jpg,0
img/neutralC/CFD-MF-327-002-N.jpg,0
img/neutralC/CFD-WF-007-001-N.jpg,0
img/neutralC/CFD-IF-742-103-N.jpg,0
img/neutralC/CFD-BF-226-119-N.jpg,0
img/neutralC/CFD-BF-216-132-N.jpg,0
img/neutralC/CFD-WM-033-025-N.jpg,0
img/neutralC/CFD-WM-028-003-N.jpg,0
img/neutralC/CFD-BF-217-189-N.jpg,0
img/neutralC/CFD-BM-239-136-N.jpg,0
img/neutralC/CFD-BF-202-109-N.jpg,0
img/neutralC/CFD-WF-209-052-N.jpg,0
img/neutralC/CFD-BM-009-002-N.jpg,0
img/neutralC/CFD-LM-201-057-N.jpg,0
img/neutralC/CFD-WM-218-074-N.jpg,0
img/neutralC/CFD-BF-040-003-N.jpg,0
img/neutralC/CFD-IF-665-015-N.jpg,0
img/neutralC/CFD-WM-201-063-N.jpg,0
img/neutralC/CFD-LM-213-061-N.jpg,0
img/neutralC/CFD-IM-743-006-N.jpg,0
img/neutralC/CFD-LF-239-148-N.jpg,0
img/neutralC/CFD-MM-317-061-N.jpg,0
img/neutralC/CFD-WM-235-147-N.jpg,0
img/neutralC/CFD-LM-225-130-N.jpg,0
img/neutralC/CFD-BM-250-170-N.jpg,0
img/neutralC/CFD-AM-236-090-N.jpg,0
img/neutralC/CFD-WF-030-002-N.jpg,0
img/neutralC/CFD-AF-202-122-N.jpg,0
img/neutralC/CFD-IF-672-305-N.jpg,0
img/neutralC/CFD-BF-045-003-N.jpg,0
img/neutralC/CFD-MM-316-156-N.jpg,0
img/neutralC/CFD-BM-207-024-N.jpg,0
img/neutralC/CFD-IF-623-129-N.jpg,0
img/neutralC/CFD-BM-027-001-N.jpg,0
img/neutralC/CFD-AF-205-155-N.jpg,0
img/neutralC/CFD-BF-025-002-N.jpg,0
img/neutralC/CFD-WM-202-107-N.jpg,0
img/neutralC/CFD-MF-303-013-N.jpg,0
img/neutralC/CFD-WM-213-076-N.jpg,0
img/neutralC/CFD-WF-239-155-N.jpg,0
img/neutralC/CFD-AM-211-052-N.jpg,0
img/neutralC/CFD-MF-352-054-N.jpg,0
img/neutralC/CFD-IM-719-221-N.jpg,0
img/neutralC/CFD-WM-006-002-N.jpg,0
img/neutralC/CFD-AM-240-191-N.jpg,0
img/neutralC/CFD-BM-036-003-N.jpg,0
img/neutralC/CFD-BF-028-001-N.jpg,0
img/neutralC/CFD-AF-233-190-N.jpg,0
img/neutralC/CFD-WF-031-027-N.jpg,0
img/neutralC/CFD-BM-215-155-N.jpg,0
img/neutralC/CFD-BF-208-266-N.jpg,0
img/neutralC/CFD-BM-005-003-N.jpg,0
img/neutralC/CFD-IF-608-390-N.jpg,0
img/neutralC/CFD-WF-010-004-N.jpg,0
img/neutralC/CFD-BF-004-014-N.jpg,0
img/neutralC/CFD-AM-212-050-N.jpg,0
